Feature,Importance
LoanAmount,0.28884427776296806
Income,0.2659627813295861
CreditScore,0.2546391702145385
Age,0.19055377069290738
